query	target	complex_qTMscore	complex_tTMscore	tstart	tend	RBP-class
RBPPD001	CONT_008_KL53_PROTEIN_1	1.0	0.66	1	263	SU10 tail fiber-like
RBPPD001	LIT_035_KL24_PROTEIN_4	0.88	0.42	126	385	TC5-like tail fiber
RBPPD002	CONT_008_KL53_PROTEIN_1	1.0	0.34	265	400	SU10 tail fiber-like
RBPPD003	LIT_014_KL30_PROTEIN_22	1.0	0.56	1	294	putative esterase containing tailspike
RBPPD003	LIT_086_KL48_PROTEIN_50	0.97	0.55	1	294	putative esterase containing tailspike
RBPPD003	CONT_014_KL53_PROTEIN_39	0.9	0.51	1	293	putative esterase containing tailspike
RBPPD003	CONT_004_KL17_PROTEIN_45	0.89	0.5	1	293	putative esterase containing tailspike
RBPPD004	LIT_014_KL30_PROTEIN_22	1.0	0.43	296	522	putative esterase containing tailspike
RBPPD004	LIT_086_KL48_PROTEIN_50	1.0	0.44	294	521	putative esterase containing tailspike
RBPPD004	CONT_004_KL17_PROTEIN_45	0.99	0.43	295	521	putative esterase containing tailspike
RBPPD004	CONT_014_KL53_PROTEIN_39	0.99	0.43	295	521	putative esterase containing tailspike
RBPPD005	LIT_020_KL103KL55_PROTEIN_160	1.0	0.46	823	1531	TC10-like tail fiber in mydovirus - variant 1
RBPPD006	LIT_020_KL103KL55_PROTEIN_160	1.0	0.33	307	817	TC10-like tail fiber in mydovirus - variant 1
RBPPD007	LIT_020_KL103KL55_PROTEIN_169	1.0	0.27	429	586	TC8 tail fiber
RBPPD007	LIT_076_KL45KL71_PROTEIN_106	1.0	0.27	429	586	TC8 tail fiber
RBPPD007	LIT_021_KL22KL37_PROTEIN_77	0.99	0.27	429	586	TC8 tail fiber
RBPPD007	LIT_073_KL23KL54KL58_PROTEIN_89	0.99	0.27	429	586	TC8 tail fiber
RBPPD007	LIT_074_KL24KL54KL58_PROTEIN_54	0.99	0.27	429	586	TC8 tail fiber
RBPPD007	LIT_075_KL18_PROTEIN_68	0.99	0.27	429	586	TC8 tail fiber
RBPPD007	REC_020_KL23_PROTEIN_40	0.99	0.27	429	586	TC8 tail fiber
RBPPD008	LIT_020_KL103KL55_PROTEIN_169	1.0	0.2	1	120	TC8 tail fiber
RBPPD008	LIT_076_KL45KL71_PROTEIN_106	0.95	0.19	1	120	TC8 tail fiber
RBPPD008	LIT_073_KL23KL54KL58_PROTEIN_89	0.89	0.18	1	120	TC8 tail fiber
RBPPD008	LIT_075_KL18_PROTEIN_68	0.85	0.17	7	120	TC8 tail fiber
RBPPD008	LIT_074_KL24KL54KL58_PROTEIN_54	0.8	0.16	1	120	TC8 tail fiber
RBPPD009	LIT_020_KL103KL55_PROTEIN_169	1.0	0.33	121	311	TC8 tail fiber
RBPPD009	LIT_073_KL23KL54KL58_PROTEIN_89	0.99	0.32	121	311	TC8 tail fiber
RBPPD009	LIT_074_KL24KL54KL58_PROTEIN_54	0.98	0.32	121	309	TC8 tail fiber
RBPPD009	LIT_076_KL45KL71_PROTEIN_106	0.98	0.32	121	311	TC8 tail fiber
RBPPD009	LIT_021_KL22KL37_PROTEIN_77	0.97	0.32	121	309	TC8 tail fiber
RBPPD009	LIT_075_KL18_PROTEIN_68	0.97	0.32	121	307	TC8 tail fiber
RBPPD009	REC_020_KL23_PROTEIN_40	0.97	0.32	121	311	TC8 tail fiber
RBPPD010	LIT_020_KL103KL55_PROTEIN_169	0.99	0.19	316	428	TC8 tail fiber
RBPPD010	LIT_021_KL22KL37_PROTEIN_77	0.98	0.19	316	428	TC8 tail fiber
RBPPD010	LIT_074_KL24KL54KL58_PROTEIN_54	0.98	0.19	316	428	TC8 tail fiber
RBPPD010	LIT_075_KL18_PROTEIN_68	0.98	0.19	316	428	TC8 tail fiber
RBPPD010	LIT_076_KL45KL71_PROTEIN_106	0.98	0.19	316	428	TC8 tail fiber
RBPPD010	REC_020_KL23_PROTEIN_40	0.98	0.19	316	428	TC8 tail fiber
RBPPD010	LIT_073_KL23KL54KL58_PROTEIN_89	0.97	0.19	316	428	TC8 tail fiber
RBPPD011	LIT_021_KL22KL37_PROTEIN_82	0.99	0.22	274	348	vequintavirinae-like short tail fiber
RBPPD011	LIT_020_KL103KL55_PROTEIN_164	0.98	0.22	271	345	vequintavirinae-like short tail fiber
RBPPD011	LIT_073_KL23KL54KL58_PROTEIN_94	0.98	0.21	274	348	vequintavirinae-like short tail fiber
RBPPD011	LIT_074_KL24KL54KL58_PROTEIN_59	0.98	0.21	274	348	vequintavirinae-like short tail fiber
RBPPD011	LIT_075_KL18_PROTEIN_73	0.98	0.21	274	348	vequintavirinae-like short tail fiber
RBPPD011	LIT_076_KL45KL71_PROTEIN_111	0.98	0.21	274	348	vequintavirinae-like short tail fiber
RBPPD011	REC_020_KL23_PROTEIN_45	0.98	0.21	274	348	vequintavirinae-like short tail fiber
RBPPD011	LIT_097_Kn_PROTEIN_46	0.76	0.1	507	573	TC16 tail fiber
RBPPD012	LIT_020_KL103KL55_PROTEIN_164	0.99	0.27	1	95	vequintavirinae-like short tail fiber
RBPPD012	LIT_021_KL22KL37_PROTEIN_82	0.99	0.27	1	95	vequintavirinae-like short tail fiber
RBPPD012	LIT_074_KL24KL54KL58_PROTEIN_59	0.99	0.27	1	95	vequintavirinae-like short tail fiber
RBPPD012	LIT_075_KL18_PROTEIN_73	0.99	0.27	1	95	vequintavirinae-like short tail fiber
RBPPD012	LIT_076_KL45KL71_PROTEIN_111	0.99	0.27	1	95	vequintavirinae-like short tail fiber
RBPPD012	REC_020_KL23_PROTEIN_45	0.99	0.27	1	95	vequintavirinae-like short tail fiber
RBPPD012	LIT_073_KL23KL54KL58_PROTEIN_94	0.98	0.27	1	95	vequintavirinae-like short tail fiber
RBPPD013	LIT_021_KL22KL37_PROTEIN_82	0.99	0.51	97	272	vequintavirinae-like short tail fiber
RBPPD013	LIT_073_KL23KL54KL58_PROTEIN_94	0.99	0.5	97	272	vequintavirinae-like short tail fiber
RBPPD013	LIT_074_KL24KL54KL58_PROTEIN_59	0.99	0.5	97	272	vequintavirinae-like short tail fiber
RBPPD013	LIT_076_KL45KL71_PROTEIN_111	0.99	0.5	97	272	vequintavirinae-like short tail fiber
RBPPD013	REC_020_KL23_PROTEIN_45	0.98	0.5	97	272	vequintavirinae-like short tail fiber
RBPPD013	LIT_020_KL103KL55_PROTEIN_164	0.97	0.5	97	269	vequintavirinae-like short tail fiber
RBPPD013	LIT_075_KL18_PROTEIN_73	0.97	0.5	97	272	vequintavirinae-like short tail fiber
RBPPD014	LIT_020_KL103KL55_PROTEIN_160	0.99	0.09	173	305	TC10-like tail fiber in mydovirus - variant 1
RBPPD014	LIT_076_KL45KL71_PROTEIN_115	0.93	0.11	167	299	TC10-like tail fiber in mydovirus - variant 3
RBPPD014	REC_020_KL23_PROTEIN_50	0.91	0.11	170	300	TC12-like tail fiber in mydovirus
RBPPD014	LIT_074_KL24KL54KL58_PROTEIN_64	0.89	0.11	170	301	TC12-like tail fiber in mydovirus
RBPPD014	LIT_075_KL18_PROTEIN_78	0.87	0.15	173	300	TC10-like tail fiber in mydovirus - variant 2
RBPPD014	LIT_073_KL23KL54KL58_PROTEIN_99	0.75	0.09	170	300	TC12-like tail fiber in mydovirus
RBPPD014	LIT_021_KL22KL37_PROTEIN_87	0.72	0.17	1	108	GDSL-like lipase containing tail fiber
RBPPD015	LIT_021_KL22KL37_PROTEIN_87	1.0	0.18	121	223	GDSL-like lipase containing tail fiber
RBPPD017	LIT_021_KL22KL37_PROTEIN_90	1.0	0.66	1	361	GDSL-like lipase containing tailspike
RBPPD017	CONT_005_KL20_PROTEIN_6	0.8	0.57	10	334	GDSL-like lipase containing tailspike
RBPPD017	LIT_042_KL1KL2KL57_PROTEIN_46	0.79	0.56	13	333	GDSL-like lipase containing tailspike
RBPPD018	LIT_021_KL22KL37_PROTEIN_90	1.0	0.34	362	547	GDSL-like lipase containing tailspike
RBPPD018	CONT_005_KL20_PROTEIN_6	0.92	0.33	337	511	GDSL-like lipase containing tailspike
RBPPD018	LIT_042_KL1KL2KL57_PROTEIN_46	0.9	0.33	339	511	GDSL-like lipase containing tailspike
RBPPD019	LIT_035_KL24_PROTEIN_4	0.99	0.28	393	547	TC5-like tail fiber
RBPPD020	LIT_035_KL24_PROTEIN_4	1.0	0.2	1	112	TC5-like tail fiber
RBPPD022	CONT_001_KL10_PROTEIN_6	0.99	0.49	61	480	T7 gp12 nozzle-like
RBPPD022	CONT_002_KL10_PROTEIN_39	0.99	0.49	61	480	T7 gp12 nozzle-like
RBPPD022	CONT_005_KL20_PROTEIN_12	0.99	0.49	61	480	T7 gp12 nozzle-like
RBPPD022	CONT_014_KL53_PROTEIN_33	0.99	0.49	61	480	T7 gp12 nozzle-like
RBPPD022	LIT_014_KL30_PROTEIN_16	0.99	0.49	61	480	T7 gp12 nozzle-like
RBPPD022	LIT_015_KL61_PROTEIN_39	0.99	0.49	67	486	T7 gp12 nozzle-like
RBPPD022	LIT_016_KL61_PROTEIN_36	0.99	0.49	61	480	T7 gp12 nozzle-like
RBPPD022	LIT_037_KL106_PROTEIN_37	0.99	0.47	61	480	T7 gp12 nozzle-like
RBPPD022	LIT_078_KL30KL35KL36_PROTEIN_43	0.99	0.49	61	480	T7 gp12 nozzle-like
RBPPD022	LIT_080_KL11KL57_PROTEIN_40	0.99	0.49	61	480	T7 gp12 nozzle-like
RBPPD022	LIT_081_KL58_PROTEIN_41	0.99	0.49	61	480	T7 gp12 nozzle-like
RBPPD022	LIT_082_KL26KL74_PROTEIN_44	0.99	0.49	61	480	T7 gp12 nozzle-like
RBPPD022	LIT_083_KL36KL43_PROTEIN_36	0.99	0.49	61	480	T7 gp12 nozzle-like
RBPPD022	LIT_084_KL16_PROTEIN_42	0.99	0.49	61	480	T7 gp12 nozzle-like
RBPPD022	LIT_085_KL56_PROTEIN_42	0.99	0.49	61	480	T7 gp12 nozzle-like
RBPPD022	LIT_087_KL82_PROTEIN_39	0.99	0.49	61	480	T7 gp12 nozzle-like
RBPPD022	LIT_088_KL2KL37_PROTEIN_41	0.99	0.49	61	480	T7 gp12 nozzle-like
RBPPD022	REC_018_KL21_PROTEIN_36	0.99	0.49	61	480	T7 gp12 nozzle-like
RBPPD022	REC_022_KL30KL69_PROTEIN_37	0.99	0.49	61	444	T7 gp12 nozzle-like
RBPPD022	REC_023_KL47_PROTEIN_37	0.99	0.49	61	480	T7 gp12 nozzle-like
RBPPD022	REC_025_KL47_PROTEIN_38	0.99	0.49	61	480	T7 gp12 nozzle-like
RBPPD022	REC_026_KL5KL8_PROTEIN_35	0.99	0.49	61	480	T7 gp12 nozzle-like
RBPPD022	REC_030_KL56KN3_PROTEIN_36	0.99	0.49	61	480	T7 gp12 nozzle-like
RBPPD022	REC_037_KL64_PROTEIN_38	0.99	0.49	61	480	T7 gp12 nozzle-like
RBPPD022	REC_038_KL64_PROTEIN_36	0.99	0.49	61	480	T7 gp12 nozzle-like
RBPPD022	REC_044_KN4_PROTEIN_40	0.99	0.49	61	480	T7 gp12 nozzle-like
RBPPD022	CONT_017_KL58_PROTEIN_44	0.98	0.49	61	480	T7 gp12 nozzle-like
RBPPD022	LIT_079_KL74_PROTEIN_46	0.98	0.48	61	444	T7 gp12 nozzle-like
RBPPD022	LIT_090_KL27_PROTEIN_43	0.98	0.49	61	444	T7 gp12 nozzle-like
RBPPD022	REC_019_KL21KL3_PROTEIN_38	0.98	0.48	61	480	T7 gp12 nozzle-like
RBPPD022	REC_024_KL47_PROTEIN_38	0.98	0.48	61	444	T7 gp12 nozzle-like
RBPPD022	REC_041_KN1_PROTEIN_37	0.98	0.49	61	444	T7 gp12 nozzle-like
RBPPD022	LIT_036_KL106_PROTEIN_38	0.97	0.48	61	444	T7 gp12 nozzle-like
RBPPD022	LIT_041_KL1KL2KL57_PROTEIN_40	0.97	0.48	61	444	T7 gp12 nozzle-like
RBPPD022	LIT_042_KL1KL2KL57_PROTEIN_40	0.97	0.48	61	444	T7 gp12 nozzle-like
RBPPD022	LIT_086_KL48_PROTEIN_43	0.97	0.48	61	444	T7 gp12 nozzle-like
RBPPD022	LIT_089_KL36KL42_PROTEIN_43	0.97	0.48	61	444	T7 gp12 nozzle-like
RBPPD022	LIT_091_KL1KL8_PROTEIN_42	0.97	0.48	61	444	T7 gp12 nozzle-like
RBPPD022	LIT_097_Kn_PROTEIN_41	0.97	0.48	61	489	T7 gp12 nozzle-like
RBPPD022	REC_032_KL57_PROTEIN_42	0.97	0.48	61	444	T7 gp12 nozzle-like
RBPPD022	REC_042_KN1_PROTEIN_38	0.97	0.48	61	444	T7 gp12 nozzle-like
RBPPD026	LIT_043_KL47_PROTEIN_250	1.0	0.54	1	248	T4 gp12-like
RBPPD026	LIT_054_KL14_PROTEIN_235	0.98	0.53	1	248	T4 gp12-like
RBPPD026	LIT_055_KL14_PROTEIN_253	0.98	0.53	1	248	T4 gp12-like
RBPPD026	LIT_092_KL39KL41_PROTEIN_6	0.98	0.53	1	248	T4 gp12-like
RBPPD026	LIT_056_KL38_PROTEIN_91	0.95	0.51	1	248	T4 gp12-like
RBPPD026	LIT_057_KL28_PROTEIN_224	0.82	0.45	1	250	TC17-like tail fiber
RBPPD026	LIT_058_KL28_PROTEIN_226	0.81	0.45	1	250	TC17-like tail fiber
RBPPD026	LIT_072_Kn_PROTEIN_7	0.81	0.45	1	250	TC17-like tail fiber
RBPPD027	LIT_043_KL47_PROTEIN_250	1.0	0.46	249	461	T4 gp12-like
RBPPD027	LIT_092_KL39KL41_PROTEIN_6	0.87	0.4	249	461	T4 gp12-like
RBPPD027	LIT_054_KL14_PROTEIN_235	0.86	0.4	249	461	T4 gp12-like
RBPPD027	LIT_055_KL14_PROTEIN_253	0.86	0.4	249	461	T4 gp12-like
RBPPD027	LIT_056_KL38_PROTEIN_91	0.86	0.4	249	461	T4 gp12-like
RBPPD028	LIT_045_KL3_PROTEIN_88	1.0	0.16	1	85	TC15-like tail fiber in siphovirus - variant 1
RBPPD029	LIT_045_KL3_PROTEIN_88	1.0	0.84	86	538	TC15-like tail fiber in siphovirus - variant 1
RBPPD030	LIT_046_KL16_PROTEIN_159	1.0	0.58	1	275	TC16-like tail fiber
RBPPD031	LIT_046_KL16_PROTEIN_159	0.99	0.15	402	473	TC16-like tail fiber
RBPPD031	LIT_097_Kn_PROTEIN_46	0.76	0.1	498	573	TC16 tail fiber
RBPPD031	LIT_043_KL47_PROTEIN_46	0.75	0.04	1163	1239	T4 gp37-like
RBPPD032	LIT_046_KL16_PROTEIN_159	0.98	0.26	278	399	TC16-like tail fiber
RBPPD032	LIT_057_KL28_PROTEIN_37	0.74	0.06	580	694	T4 gp37-like
RBPPD033	LIT_050_KL3_PROTEIN_115	1.0	0.43	1	366	TC14-like tail fiber in sugarlandvirus - variant 2
RBPPD034	LIT_050_KL3_PROTEIN_115	1.0	0.35	367	661	TC14-like tail fiber in sugarlandvirus - variant 2
RBPPD035	LIT_050_KL3_PROTEIN_115	1.0	0.21	662	842	TC14-like tail fiber in sugarlandvirus - variant 2
RBPPD035	LIT_051_KL3_PROTEIN_115	0.87	0.19	665	842	TC14-like tail fiber in sugarlandvirus - variant 2
RBPPD036	LIT_058_KL28_PROTEIN_226	1.0	0.15	252	318	TC17-like tail fiber
RBPPD036	LIT_057_KL28_PROTEIN_224	0.99	0.15	253	318	TC17-like tail fiber
RBPPD036	LIT_072_Kn_PROTEIN_7	0.99	0.15	252	318	TC17-like tail fiber
RBPPD037	LIT_057_KL28_PROTEIN_224	1.0	0.29	319	448	TC17-like tail fiber
RBPPD038	LIT_057_KL28_PROTEIN_34	1.0	0.11	648	788	T4 gp34-like
RBPPD038	LIT_058_KL28_PROTEIN_36	1.0	0.11	648	788	T4 gp34-like
RBPPD038	LIT_054_KL14_PROTEIN_178	0.95	0.11	644	780	T4 gp34-like
RBPPD038	LIT_043_KL47_PROTEIN_43	0.94	0.11	644	780	T4 gp34-like
RBPPD038	LIT_072_Kn_PROTEIN_194	0.94	0.1	648	787	T4 gp34-like
RBPPD038	LIT_092_KL39KL41_PROTEIN_222	0.94	0.11	644	780	T4 gp34-like
RBPPD038	LIT_055_KL14_PROTEIN_38	0.78	0.09	644	780	T4 gp34-like
RBPPD038	LIT_056_KL38_PROTEIN_32	0.77	0.09	644	780	T4 gp34-like
RBPPD039	LIT_057_KL28_PROTEIN_34	1.0	0.07	1	91	T4 gp34-like
RBPPD039	LIT_072_Kn_PROTEIN_194	1.0	0.07	1	91	T4 gp34-like
RBPPD039	LIT_058_KL28_PROTEIN_36	0.99	0.07	1	91	T4 gp34-like
RBPPD039	LIT_043_KL47_PROTEIN_43	0.94	0.07	2	88	T4 gp34-like
RBPPD039	LIT_055_KL14_PROTEIN_38	0.94	0.07	2	88	T4 gp34-like
RBPPD039	LIT_054_KL14_PROTEIN_178	0.93	0.07	2	88	T4 gp34-like
RBPPD039	LIT_056_KL38_PROTEIN_32	0.91	0.07	6	88	T4 gp34-like
RBPPD039	LIT_092_KL39KL41_PROTEIN_222	0.91	0.07	6	88	T4 gp34-like
RBPPD040	LIT_057_KL28_PROTEIN_34	1.0	0.17	92	305	T4 gp34-like
RBPPD040	LIT_058_KL28_PROTEIN_36	1.0	0.17	92	305	T4 gp34-like
RBPPD040	LIT_072_Kn_PROTEIN_194	1.0	0.17	92	305	T4 gp34-like
RBPPD040	LIT_055_KL14_PROTEIN_38	0.95	0.16	89	304	T4 gp34-like
RBPPD040	LIT_092_KL39KL41_PROTEIN_222	0.95	0.16	89	304	T4 gp34-like
RBPPD040	LIT_043_KL47_PROTEIN_43	0.94	0.16	89	304	T4 gp34-like
RBPPD040	LIT_054_KL14_PROTEIN_178	0.94	0.16	89	304	T4 gp34-like
RBPPD040	LIT_056_KL38_PROTEIN_32	0.94	0.16	89	304	T4 gp34-like
RBPPD041	LIT_057_KL28_PROTEIN_34	0.99	0.14	307	481	T4 gp34-like
RBPPD041	LIT_058_KL28_PROTEIN_36	0.98	0.14	307	481	T4 gp34-like
RBPPD041	LIT_072_Kn_PROTEIN_194	0.98	0.13	307	481	T4 gp34-like
RBPPD041	LIT_043_KL47_PROTEIN_43	0.89	0.12	306	474	T4 gp34-like
RBPPD041	LIT_054_KL14_PROTEIN_178	0.89	0.12	306	474	T4 gp34-like
RBPPD041	LIT_092_KL39KL41_PROTEIN_222	0.81	0.11	306	474	T4 gp34-like
RBPPD042	LIT_057_KL28_PROTEIN_34	0.99	0.13	482	646	T4 gp34-like
RBPPD042	LIT_058_KL28_PROTEIN_36	0.99	0.13	482	646	T4 gp34-like
RBPPD042	LIT_072_Kn_PROTEIN_194	0.99	0.13	482	646	T4 gp34-like
RBPPD042	LIT_092_KL39KL41_PROTEIN_222	0.97	0.13	478	641	T4 gp34-like
RBPPD042	LIT_043_KL47_PROTEIN_43	0.96	0.13	478	641	T4 gp34-like
RBPPD042	LIT_054_KL14_PROTEIN_178	0.95	0.13	478	641	T4 gp34-like
RBPPD042	LIT_055_KL14_PROTEIN_38	0.95	0.13	478	641	T4 gp34-like
RBPPD043	LIT_057_KL28_PROTEIN_34	1.0	0.09	789	902	T4 gp34-like
RBPPD043	LIT_058_KL28_PROTEIN_36	1.0	0.09	789	902	T4 gp34-like
RBPPD043	LIT_043_KL47_PROTEIN_43	0.98	0.09	782	893	T4 gp34-like
RBPPD043	LIT_055_KL14_PROTEIN_38	0.98	0.09	782	893	T4 gp34-like
RBPPD043	LIT_056_KL38_PROTEIN_32	0.98	0.09	782	893	T4 gp34-like
RBPPD043	LIT_092_KL39KL41_PROTEIN_222	0.98	0.09	782	893	T4 gp34-like
RBPPD043	LIT_054_KL14_PROTEIN_178	0.97	0.09	782	893	T4 gp34-like
RBPPD043	LIT_072_Kn_PROTEIN_194	0.94	0.08	792	902	T4 gp34-like
RBPPD044	LIT_057_KL28_PROTEIN_34	0.99	0.15	904	1091	T4 gp34-like
RBPPD044	LIT_072_Kn_PROTEIN_194	0.75	0.11	904	1091	T4 gp34-like
RBPPD044	LIT_058_KL28_PROTEIN_36	0.74	0.11	904	1091	T4 gp34-like
RBPPD045	LIT_057_KL28_PROTEIN_34	1.0	0.15	1092	1281	T4 gp34-like
RBPPD045	LIT_058_KL28_PROTEIN_36	0.99	0.15	1092	1281	T4 gp34-like
RBPPD045	LIT_072_Kn_PROTEIN_194	0.99	0.15	1092	1281	T4 gp34-like
RBPPD045	LIT_043_KL47_PROTEIN_43	0.92	0.14	1072	1257	T4 gp34-like
RBPPD045	LIT_056_KL38_PROTEIN_32	0.92	0.14	1072	1257	T4 gp34-like
RBPPD045	LIT_092_KL39KL41_PROTEIN_222	0.92	0.14	1072	1257	T4 gp34-like
RBPPD045	LIT_054_KL14_PROTEIN_178	0.91	0.14	1072	1257	T4 gp34-like
RBPPD045	LIT_055_KL14_PROTEIN_38	0.91	0.14	1072	1257	T4 gp34-like
RBPPD046	LIT_057_KL28_PROTEIN_36	1.0	0.27	169	230	T4 gp36-like
RBPPD046	LIT_058_KL28_PROTEIN_38	0.99	0.29	155	216	T4 gp36-like
RBPPD046	LIT_072_Kn_PROTEIN_192	0.99	0.29	154	215	T4 gp36-like
RBPPD046	LIT_054_KL14_PROTEIN_176	0.95	0.26	162	222	T4 gp36-like
RBPPD046	LIT_055_KL14_PROTEIN_40	0.95	0.27	162	222	T4 gp36-like
RBPPD046	LIT_056_KL38_PROTEIN_30	0.95	0.27	162	222	T4 gp36-like
RBPPD046	LIT_092_KL39KL41_PROTEIN_220	0.94	0.26	162	222	T4 gp36-like
RBPPD046	LIT_043_KL47_PROTEIN_45	0.93	0.26	162	222	T4 gp36-like
RBPPD047	LIT_057_KL28_PROTEIN_36	0.99	0.73	1	167	T4 gp36-like
RBPPD047	LIT_043_KL47_PROTEIN_45	0.94	0.71	1	160	T4 gp36-like
RBPPD047	LIT_055_KL14_PROTEIN_40	0.94	0.71	1	160	T4 gp36-like
RBPPD047	LIT_056_KL38_PROTEIN_30	0.94	0.71	1	160	T4 gp36-like
RBPPD047	LIT_054_KL14_PROTEIN_176	0.93	0.71	1	160	T4 gp36-like
RBPPD047	LIT_092_KL39KL41_PROTEIN_220	0.93	0.71	1	160	T4 gp36-like
RBPPD047	LIT_072_Kn_PROTEIN_192	0.81	0.63	1	152	T4 gp36-like
RBPPD047	LIT_058_KL28_PROTEIN_38	0.8	0.62	1	153	T4 gp36-like
RBPPD048	LIT_057_KL28_PROTEIN_37	0.99	0.12	239	418	T4 gp37-like
RBPPD048	LIT_072_Kn_PROTEIN_191	0.99	0.12	238	417	T4 gp37-like
RBPPD048	LIT_058_KL28_PROTEIN_39	0.98	0.12	238	417	T4 gp37-like
RBPPD048	LIT_056_KL38_PROTEIN_29	0.88	0.12	231	402	T4 gp37-like
RBPPD048	LIT_043_KL47_PROTEIN_46	0.87	0.13	235	405	T4 gp37-like
RBPPD048	LIT_054_KL14_PROTEIN_175	0.87	0.12	231	402	T4 gp37-like
RBPPD048	LIT_092_KL39KL41_PROTEIN_219	0.87	0.13	231	402	T4 gp37-like
RBPPD048	LIT_055_KL14_PROTEIN_41	0.86	0.12	231	403	T4 gp37-like
RBPPD048	LIT_123_KL43KL50KL69_PROTEIN_28	0.85	0.12	299	461	L-shaped tail fiber-like
RBPPD048	REC_029_KL54_PROTEIN_554	0.77	0.24	274	434	RaK2 gp526-like
RBPPD048	LIT_108_KL11KL28KL33_PROTEIN_25	0.75	0.15	190	347	L-shaped tail fiber-like
RBPPD048	LIT_115_Kn_PROTEIN_25	0.75	0.14	290	446	L-shaped tail fiber-like
RBPPD048	LIT_120_KL28KL69_PROTEIN_24	0.75	0.14	285	446	L-shaped tail fiber-like
RBPPD048	REC_043_KN2_PROTEIN_135	0.75	0.24	269	429	RaK2 gp526-like
RBPPD048	LIT_119_Kn_PROTEIN_25	0.74	0.15	187	348	L-shaped tail fiber-like
RBPPD048	LIT_050_KL3_PROTEIN_115	0.73	0.16	228	381	TC14-like tail fiber in sugarlandvirus - variant 2
RBPPD048	LIT_116_KL31KL37_PROTEIN_25	0.73	0.15	188	347	L-shaped tail fiber-like
RBPPD048	LIT_051_KL3_PROTEIN_115	0.72	0.16	224	369	TC14-like tail fiber in sugarlandvirus - variant 2
RBPPD048	LIT_053_KL3_PROTEIN_115	0.72	0.16	224	370	TC14-like tail fiber in sugarlandvirus - variant 2
RBPPD048	LIT_068_KL15_PROTEIN_53	0.72	0.19	388	546	RaK2 gp526-like
RBPPD048	LIT_103_KL28KL69_PROTEIN_24	0.72	0.15	195	348	L-shaped tail fiber-like
RBPPD048	LIT_117_Kn_PROTEIN_25	0.72	0.15	194	347	L-shaped tail fiber-like
RBPPD048	LIT_094_Kn_PROTEIN_20	0.7	0.19	100	261	TC14-like tail fiber in sugarlandvirus - variant 1
RBPPD049	LIT_057_KL28_PROTEIN_37	1.0	0.16	1	236	T4 gp37-like
RBPPD049	LIT_092_KL39KL41_PROTEIN_219	0.91	0.17	1	230	T4 gp37-like
RBPPD049	LIT_056_KL38_PROTEIN_29	0.9	0.16	1	230	T4 gp37-like
RBPPD049	LIT_058_KL28_PROTEIN_39	0.9	0.14	1	235	T4 gp37-like
RBPPD049	LIT_055_KL14_PROTEIN_41	0.89	0.16	1	230	T4 gp37-like
RBPPD049	LIT_072_Kn_PROTEIN_191	0.88	0.14	1	235	T4 gp37-like
RBPPD049	LIT_054_KL14_PROTEIN_175	0.87	0.16	1	230	T4 gp37-like
RBPPD049	LIT_043_KL47_PROTEIN_46	0.8	0.15	1	230	T4 gp37-like
RBPPD050	LIT_057_KL28_PROTEIN_37	1.0	0.2	1179	1481	T4 gp37-like
RBPPD051	LIT_057_KL28_PROTEIN_37	1.0	0.18	913	1177	T4 gp37-like
RBPPD051	LIT_058_KL28_PROTEIN_39	0.99	0.18	910	1173	T4 gp37-like
RBPPD051	LIT_072_Kn_PROTEIN_191	0.99	0.18	910	1174	T4 gp37-like
RBPPD052	LIT_057_KL28_PROTEIN_37	1.0	0.14	709	912	T4 gp37-like
RBPPD052	LIT_092_KL39KL41_PROTEIN_219	0.98	0.16	427	629	T4 gp37-like
RBPPD052	LIT_072_Kn_PROTEIN_191	0.88	0.12	706	909	T4 gp37-like
RBPPD052	LIT_058_KL28_PROTEIN_39	0.87	0.12	706	909	T4 gp37-like
RBPPD053	LIT_066_KL72_PROTEIN_53	1.0	0.4	1	291	HRP29 tail-like variant 2
RBPPD053	LIT_062_KL71_PROTEIN_55	0.88	0.31	1	291	tailspike depolymerase
RBPPD054	LIT_066_KL72_PROTEIN_53	1.0	0.6	294	724	HRP29 tail-like variant 2
RBPPD055	LIT_068_KL15_PROTEIN_53	1.0	0.45	375	681	RaK2 gp526-like
RBPPD055	REC_043_KN2_PROTEIN_135	0.97	0.53	256	562	RaK2 gp526-like
RBPPD055	REC_029_KL54_PROTEIN_554	0.84	0.45	261	580	RaK2 gp526-like
RBPPD056	LIT_068_KL15_PROTEIN_53	1.0	0.55	1	373	RaK2 gp526-like
RBPPD057	LIT_020_KL103KL55_PROTEIN_160	1.0	0.11	1	172	TC10-like tail fiber in mydovirus - variant 1
RBPPD057	REC_020_KL23_PROTEIN_50	0.97	0.15	1	168	TC12-like tail fiber in mydovirus
RBPPD057	LIT_073_KL23KL54KL58_PROTEIN_99	0.96	0.15	1	168	TC12-like tail fiber in mydovirus
RBPPD057	LIT_074_KL24KL54KL58_PROTEIN_64	0.96	0.15	1	168	TC12-like tail fiber in mydovirus
RBPPD057	LIT_076_KL45KL71_PROTEIN_115	0.96	0.15	1	172	TC10-like tail fiber in mydovirus - variant 3
RBPPD057	LIT_075_KL18_PROTEIN_78	0.94	0.2	1	172	TC10-like tail fiber in mydovirus - variant 2
RBPPD058	LIT_073_KL23KL54KL58_PROTEIN_99	1.0	0.85	166	1092	TC12-like tail fiber in mydovirus
RBPPD058	LIT_074_KL24KL54KL58_PROTEIN_64	0.96	0.81	166	1092	TC12-like tail fiber in mydovirus
RBPPD058	REC_020_KL23_PROTEIN_50	0.96	0.81	166	1092	TC12-like tail fiber in mydovirus
RBPPD060	LIT_075_KL18_PROTEIN_78	1.0	0.27	182	397	TC10-like tail fiber in mydovirus - variant 2
RBPPD061	LIT_075_KL18_PROTEIN_83	1.0	0.27	1	68	xylanase containing tail fiber
RBPPD061	LIT_076_KL45KL71_PROTEIN_119	0.99	0.27	1	68	xylanase containing tail fiber
RBPPD062	LIT_075_KL18_PROTEIN_83	0.99	0.72	70	250	xylanase containing tail fiber
RBPPD062	LIT_076_KL45KL71_PROTEIN_119	0.99	0.72	70	250	xylanase containing tail fiber
RBPPD063	LIT_076_KL45KL71_PROTEIN_115	1.0	0.35	741	1131	TC10-like tail fiber in mydovirus - variant 3
RBPPD064	LIT_076_KL45KL71_PROTEIN_115	1.0	0.24	177	453	TC10-like tail fiber in mydovirus - variant 3
RBPPD065	LIT_076_KL45KL71_PROTEIN_115	1.0	0.12	454	594	TC10-like tail fiber in mydovirus - variant 3
RBPPD066	LIT_077_KL9_PROTEIN_74	1.0	0.17	514	617	TC12-like tail fiber in podovirus
RBPPD067	LIT_077_KL9_PROTEIN_74	1.0	0.83	1	512	TC12-like tail fiber in podovirus
RBPPD068	LIT_093_Kn_PROTEIN_20	1.0	0.24	519	681	TC14-like tail fiber in sugarlandvirus - variant 1
RBPPD068	LIT_049_KL3_PROTEIN_111	0.94	0.23	518	680	TC14-like tail fiber in sugarlandvirus - variant 1
RBPPD068	LIT_094_Kn_PROTEIN_20	0.93	0.22	518	679	TC14-like tail fiber in sugarlandvirus - variant 1
RBPPD069	LIT_093_Kn_PROTEIN_20	0.99	0.16	407	518	TC14-like tail fiber in sugarlandvirus - variant 1
RBPPD069	LIT_049_KL3_PROTEIN_111	0.92	0.15	409	516	TC14-like tail fiber in sugarlandvirus - variant 1
RBPPD069	LIT_094_Kn_PROTEIN_20	0.84	0.14	409	515	TC14-like tail fiber in sugarlandvirus - variant 1
RBPPD071	LIT_093_Kn_PROTEIN_20	1.0	0.11	1	76	TC14-like tail fiber in sugarlandvirus - variant 1
RBPPD072	LIT_093_Kn_PROTEIN_20	0.99	0.48	78	404	TC14-like tail fiber in sugarlandvirus - variant 1
RBPPD073	LIT_096_KL5_PROTEIN_193	1.0	0.66	1	290	TC14-like long tail fiber in taipeivirus
RBPPD073	REC_043_KN2_PROTEIN_130	0.98	0.64	1	290	TC14-like long tail fiber in taipeivirus
RBPPD073	REC_017_KL20KL27KL7_PROTEIN_149	0.95	0.63	1	289	TC14-like long tail fiber in taipeivirus
RBPPD074	LIT_096_KL5_PROTEIN_193	0.99	0.34	293	441	TC14-like long tail fiber in taipeivirus
RBPPD074	REC_017_KL20KL27KL7_PROTEIN_149	0.99	0.34	291	440	TC14-like long tail fiber in taipeivirus
RBPPD074	REC_043_KN2_PROTEIN_130	0.98	0.33	293	441	TC14-like long tail fiber in taipeivirus
RBPPD075	LIT_096_KL5_PROTEIN_196	1.0	0.13	1	167	tailspike depolymerase with fiber-like elements
RBPPD075	REC_043_KN2_PROTEIN_133	0.71	0.09	1	167	tailspike depolymerase with fiber-like elements
RBPPD076	LIT_096_KL5_PROTEIN_196	1.0	0.21	1018	1294	tailspike depolymerase with fiber-like elements
RBPPD076	REC_017_KL20KL27KL7_PROTEIN_151	0.99	0.21	1018	1294	tailspike depolymerase with fiber-like elements
RBPPD076	REC_028_KL51_PROTEIN_293	0.78	0.18	997	1231	tailspike depolymerase with fiber-like elements
RBPPD076	LIT_090_KL27_PROTEIN_48	0.75	0.17	1020	1236	tailspike depolymerase with fiber-like elements
RBPPD076	LIT_026_KL102KL149_PROTEIN_33	0.73	0.16	1006	1238	tailspike depolymerase with fiber-like elements
RBPPD077	LIT_096_KL5_PROTEIN_196	1.0	0.66	168	1016	tailspike depolymerase with fiber-like elements
RBPPD077	REC_017_KL20KL27KL7_PROTEIN_151	1.0	0.65	168	1016	tailspike depolymerase with fiber-like elements
RBPPD077	LIT_090_KL27_PROTEIN_48	0.96	0.66	178	1018	tailspike depolymerase with fiber-like elements
RBPPD077	REC_028_KL51_PROTEIN_293	0.95	0.65	177	995	tailspike depolymerase with fiber-like elements
RBPPD077	LIT_106_KL38_PROTEIN_24	0.94	0.68	181	1024	tailspike depolymerase with fiber-like elements
RBPPD077	REC_028_KL51_PROTEIN_298	0.91	0.69	92	905	tailspike depolymerase with fiber-like elements
RBPPD077	REC_043_KN2_PROTEIN_133	0.91	0.62	169	1001	tailspike depolymerase with fiber-like elements
RBPPD077	LIT_046_KL16_PROTEIN_228	0.9	0.64	99	930	tailspike depolymerase with fiber-like elements
RBPPD077	LIT_028_KL102KL149_PROTEIN_53	0.89	0.61	182	995	tailspike depolymerase with fiber-like elements
RBPPD077	LIT_044_KN2_PROTEIN_8	0.89	0.6	196	1010	tailspike depolymerase with fiber-like elements
RBPPD077	LIT_026_KL102KL149_PROTEIN_33	0.88	0.6	182	996	tailspike depolymerase with fiber-like elements
RBPPD078	LIT_097_Kn_PROTEIN_46	1.0	0.34	378	575	TC16 tail fiber
RBPPD079	LIT_097_Kn_PROTEIN_46	1.0	0.65	1	376	TC16 tail fiber
RBPPD080	LIT_115_Kn_PROTEIN_25	1.0	0.55	443	973	L-shaped tail fiber-like
RBPPD080	LIT_120_KL28KL69_PROTEIN_24	1.0	0.54	443	973	L-shaped tail fiber-like
RBPPD080	LIT_103_KL28KL69_PROTEIN_24	0.91	0.54	345	894	L-shaped tail fiber-like
RBPPD080	LIT_117_Kn_PROTEIN_25	0.91	0.54	344	892	L-shaped tail fiber-like
RBPPD080	LIT_119_Kn_PROTEIN_25	0.91	0.54	345	894	L-shaped tail fiber-like
RBPPD080	LIT_116_KL31KL37_PROTEIN_25	0.89	0.53	344	892	L-shaped tail fiber-like
RBPPD080	LIT_108_KL11KL28KL33_PROTEIN_25	0.83	0.49	344	868	L-shaped tail fiber-like
RBPPD081	LIT_115_Kn_PROTEIN_25	1.0	0.16	1	151	L-shaped tail fiber-like
RBPPD082	LIT_115_Kn_PROTEIN_25	0.99	0.3	153	441	L-shaped tail fiber-like
RBPPD082	LIT_120_KL28KL69_PROTEIN_24	0.71	0.21	167	441	L-shaped tail fiber-like
RBPPD083	LIT_121_KL29KL62KL79_PROTEIN_25	1.0	0.34	419	634	TC15-like tail fiber in siphovirus - variant 2
RBPPD083	LIT_122_Kn_PROTEIN_25	0.91	0.31	418	632	TC15-like tail fiber in siphovirus - variant 2
RBPPD084	LIT_121_KL29KL62KL79_PROTEIN_25	0.99	0.25	261	418	TC15-like tail fiber in siphovirus - variant 2
RBPPD084	LIT_122_Kn_PROTEIN_25	0.9	0.23	258	416	TC15-like tail fiber in siphovirus - variant 2
RBPPD084	LIT_108_KL11KL28KL33_PROTEIN_25	0.84	0.15	191	345	L-shaped tail fiber-like
RBPPD084	LIT_116_KL31KL37_PROTEIN_25	0.84	0.15	191	344	L-shaped tail fiber-like
RBPPD084	LIT_120_KL28KL69_PROTEIN_24	0.83	0.14	292	443	L-shaped tail fiber-like
RBPPD084	LIT_103_KL28KL69_PROTEIN_24	0.81	0.14	194	345	L-shaped tail fiber-like
RBPPD084	LIT_115_Kn_PROTEIN_25	0.81	0.13	298	443	L-shaped tail fiber-like
RBPPD084	LIT_119_Kn_PROTEIN_25	0.81	0.14	195	345	L-shaped tail fiber-like
RBPPD084	LIT_054_KL14_PROTEIN_175	0.8	0.1	241	394	T4 gp37-like
RBPPD084	LIT_055_KL14_PROTEIN_41	0.8	0.1	241	388	T4 gp37-like
RBPPD084	LIT_056_KL38_PROTEIN_29	0.8	0.1	241	388	T4 gp37-like
RBPPD084	LIT_117_Kn_PROTEIN_25	0.8	0.14	195	344	L-shaped tail fiber-like
RBPPD084	LIT_043_KL47_PROTEIN_46	0.79	0.1	242	391	T4 gp37-like
RBPPD084	LIT_123_KL43KL50KL69_PROTEIN_28	0.79	0.1	302	450	L-shaped tail fiber-like
RBPPD084	LIT_092_KL39KL41_PROTEIN_219	0.78	0.1	241	388	T4 gp37-like
RBPPD084	LIT_051_KL3_PROTEIN_115	0.77	0.15	224	365	TC14-like tail fiber in sugarlandvirus - variant 2
RBPPD084	LIT_053_KL3_PROTEIN_115	0.77	0.15	224	366	TC14-like tail fiber in sugarlandvirus - variant 2
RBPPD084	LIT_094_Kn_PROTEIN_20	0.77	0.18	103	260	TC14-like tail fiber in sugarlandvirus - variant 1
RBPPD084	LIT_068_KL15_PROTEIN_53	0.76	0.18	387	544	RaK2 gp526-like
RBPPD084	LIT_050_KL3_PROTEIN_115	0.75	0.14	230	366	TC14-like tail fiber in sugarlandvirus - variant 2
RBPPD084	REC_043_KN2_PROTEIN_135	0.72	0.2	268	424	RaK2 gp526-like
RBPPD084	LIT_057_KL28_PROTEIN_37	0.71	0.08	250	404	T4 gp37-like
RBPPD085	LIT_121_KL29KL62KL79_PROTEIN_25	1.0	0.17	1	105	TC15-like tail fiber in siphovirus - variant 2
RBPPD085	LIT_120_KL28KL69_PROTEIN_24	0.91	0.1	1	102	L-shaped tail fiber-like
RBPPD085	LIT_122_Kn_PROTEIN_25	0.86	0.14	1	105	TC15-like tail fiber in siphovirus - variant 2
RBPPD085	LIT_105_KL63_PROTEIN_22	0.85	0.1	1	99	tailspike depolymerase
RBPPD085	LIT_108_KL11KL28KL33_PROTEIN_25	0.83	0.1	1	102	L-shaped tail fiber-like
RBPPD085	LIT_035_KL24_PROTEIN_2	0.81	0.11	1	102	tailspike depolymerase
RBPPD085	LIT_118_KL14_PROTEIN_25	0.81	0.09	1	102	tailspike depolymerase
RBPPD085	CONT_012_KL53_PROTEIN_48	0.78	0.1	1	102	tailspike depolymerase
RBPPD085	CONT_009_KL53_PROTEIN_3	0.75	0.09	1	102	tailspike depolymerase
RBPPD085	CONT_011_KL53_PROTEIN_67	0.75	0.09	1	102	tailspike depolymerase
RBPPD085	CONT_010_KL53_PROTEIN_22	0.73	0.09	1	102	tailspike depolymerase
RBPPD085	CONT_013_KL53_PROTEIN_1	0.73	0.09	1	102	tailspike depolymerase
RBPPD085	REC_014_KL2_PROTEIN_2	0.71	0.08	1	99	tailspike depolymerase
RBPPD085	LIT_107_KL64_PROTEIN_24	0.7	0.08	1	102	tailspike depolymerase
RBPPD086	LIT_057_KL28_PROTEIN_37	1.0	0.11	419	575	T4 gp37-like
RBPPD086	LIT_058_KL28_PROTEIN_39	0.98	0.1	418	572	T4 gp37-like
RBPPD086	LIT_072_Kn_PROTEIN_191	0.9	0.1	418	572	T4 gp37-like
RBPPD086	LIT_043_KL47_PROTEIN_46	0.87	0.11	408	550	T4 gp37-like
RBPPD086	LIT_054_KL14_PROTEIN_175	0.87	0.1	405	547	T4 gp37-like
RBPPD086	LIT_055_KL14_PROTEIN_41	0.87	0.1	405	547	T4 gp37-like
RBPPD086	LIT_056_KL38_PROTEIN_29	0.87	0.1	405	547	T4 gp37-like
RBPPD086	LIT_123_KL43KL50KL69_PROTEIN_28	0.75	0.09	459	583	L-shaped tail fiber-like
RBPPD086	LIT_122_Kn_PROTEIN_25	0.74	0.18	100	227	TC15-like tail fiber in siphovirus - variant 2
RBPPD086	LIT_121_KL29KL62KL79_PROTEIN_25	0.7	0.17	100	229	TC15-like tail fiber in siphovirus - variant 2
RBPPD087	LIT_125_Kn_PROTEIN_24	1.0	0.15	1	63	TC7-like tail fiber
RBPPD087	LIT_124_Kn_PROTEIN_24	0.98	0.15	1	63	TC7-like tail fiber
RBPPD087	LIT_127_Kn_PROTEIN_23	0.98	0.15	1	63	TC7-like tail fiber
RBPPD088	LIT_125_Kn_PROTEIN_24	1.0	0.26	319	430	TC7-like tail fiber
RBPPD088	LIT_123_KL43KL50KL69_PROTEIN_28	0.96	0.08	1203	1314	L-shaped tail fiber-like
RBPPD088	LIT_045_KL3_PROTEIN_88	0.89	0.18	402	524	TC15-like tail fiber in siphovirus - variant 1
RBPPD088	LIT_076_KL45KL71_PROTEIN_114	0.75	0.3	153	277	TC12/TC17-like tail fiber in mydovirus
RBPPD088	LIT_044_KN2_PROTEIN_8	0.73	0.07	1113	1241	tailspike depolymerase with fiber-like elements
RBPPD088	LIT_055_KL14_PROTEIN_41	0.73	0.06	1227	1325	T4 gp37-like
RBPPD088	LIT_073_KL23KL54KL58_PROTEIN_97	0.72	0.29	151	275	TC12/TC17-like tail fiber in mydovirus
RBPPD088	LIT_075_KL18_PROTEIN_76	0.72	0.29	154	278	TC12/TC17-like tail fiber in mydovirus
RBPPD088	LIT_072_Kn_PROTEIN_191	0.71	0.05	1377	1477	T4 gp37-like
RBPPD088	LIT_074_KL24KL54KL58_PROTEIN_62	0.71	0.29	151	275	TC12/TC17-like tail fiber in mydovirus
RBPPD088	REC_020_KL23_PROTEIN_48	0.71	0.29	151	275	TC12/TC17-like tail fiber in mydovirus
RBPPD088	REC_028_KL51_PROTEIN_293	0.7	0.06	1103	1233	tailspike depolymerase with fiber-like elements
RBPPD089	LIT_125_Kn_PROTEIN_24	1.0	0.59	64	318	TC7-like tail fiber
RBPPD090	REC_001_Kn_PROTEIN_101	1.0	0.39	362	595	RaK2 gp98-like
RBPPD090	REC_028_KL51_PROTEIN_405	0.99	0.39	362	595	RaK2 gp98-like
RBPPD090	REC_029_KL54_PROTEIN_99	0.99	0.39	362	595	RaK2 gp98-like
RBPPD091	REC_001_Kn_PROTEIN_101	1.0	0.6	1	360	RaK2 gp98-like
RBPPD091	REC_029_KL54_PROTEIN_99	0.71	0.43	1	361	RaK2 gp98-like
RBPPD092	REC_001_Kn_PROTEIN_559	1.0	0.47	634	1193	tailspike depolymerase
RBPPD093	REC_001_Kn_PROTEIN_559	1.0	0.33	1	390	tailspike depolymerase
RBPPD094	REC_001_Kn_PROTEIN_559	1.0	0.14	390	556	tailspike depolymerase
RBPPD095	REC_001_Kn_PROTEIN_559	0.99	0.06	558	633	tailspike depolymerase
RBPPD096	REC_001_Kn_PROTEIN_565	1.0	0.2	301	445	RaK2 gp534-like
RBPPD096	REC_028_KL51_PROTEIN_304	0.91	0.19	219	362	RaK2 gp534-like
RBPPD096	REC_029_KL54_PROTEIN_562	0.82	0.17	213	356	RaK2 gp534-like
RBPPD097	REC_001_Kn_PROTEIN_565	1.0	0.23	553	719	RaK2 gp534-like
RBPPD097	REC_029_KL54_PROTEIN_562	1.0	0.24	522	688	RaK2 gp534-like
RBPPD098	REC_001_Kn_PROTEIN_565	1.0	0.15	446	552	RaK2 gp534-like
RBPPD098	REC_028_KL51_PROTEIN_304	0.82	0.13	425	527	RaK2 gp534-like
RBPPD098	REC_029_KL54_PROTEIN_562	0.82	0.13	415	521	RaK2 gp534-like
RBPPD099	REC_001_Kn_PROTEIN_565	1.0	0.13	1	95	RaK2 gp534-like
RBPPD099	REC_029_KL54_PROTEIN_562	0.86	0.12	1	95	RaK2 gp534-like
RBPPD099	REC_028_KL51_PROTEIN_304	0.83	0.11	1	95	RaK2 gp534-like
RBPPD099	REC_028_KL51_PROTEIN_303	0.72	0.08	1	96	tailspike depolymerase with fiber-like elements
RBPPD099	REC_001_Kn_PROTEIN_563	0.71	0.07	1	78	tailspike depolymerase
RBPPD099	REC_029_KL54_PROTEIN_559	0.71	0.08	1	79	tailspike depolymerase
RBPPD099	REC_028_KL51_PROTEIN_302	0.7	0.08	1	78	tailspike depolymerase
RBPPD099	REC_029_KL54_PROTEIN_561	0.7	0.09	1	85	tailspike depolymerase with fiber-like elements
RBPPD100	REC_001_Kn_PROTEIN_565	1.0	0.12	96	183	RaK2 gp534-like
RBPPD100	LIT_127_Kn_PROTEIN_23	0.7	0.15	167	229	TC7-like tail fiber
RBPPD101	REC_001_Kn_PROTEIN_565	0.99	0.16	184	299	RaK2 gp534-like
RBPPD101	REC_029_KL54_PROTEIN_562	0.93	0.16	96	211	RaK2 gp534-like
RBPPD101	REC_028_KL51_PROTEIN_304	0.73	0.12	96	217	RaK2 gp534-like
RBPPD101	LIT_108_KL11KL28KL33_PROTEIN_25	0.7	0.09	355	442	L-shaped tail fiber-like
RBPPD101	LIT_116_KL31KL37_PROTEIN_25	0.7	0.09	355	442	L-shaped tail fiber-like
RBPPD101	LIT_117_Kn_PROTEIN_25	0.7	0.09	355	442	L-shaped tail fiber-like
RBPPD102	REC_001_Kn_PROTEIN_65	1.0	0.38	230	371	TC10-like tail fiber in alcyoneusvirus
RBPPD102	REC_028_KL51_PROTEIN_369	0.99	0.38	230	371	TC10-like tail fiber in alcyoneusvirus
RBPPD102	REC_029_KL54_PROTEIN_63	0.99	0.38	230	371	TC10-like tail fiber in alcyoneusvirus
RBPPD103	REC_001_Kn_PROTEIN_65	1.0	0.61	1	228	TC10-like tail fiber in alcyoneusvirus
RBPPD103	REC_028_KL51_PROTEIN_369	0.82	0.5	1	228	TC10-like tail fiber in alcyoneusvirus
RBPPD104	CONT_016_KL54_PROTEIN_42	1.0	0.35	327	502	HRP29 tail-like variant 1
RBPPD104	REC_007_KL13KL2_PROTEIN_46	1.0	0.29	427	602	HRP29 tail-like variant 1
RBPPD104	LIT_031_KL47_PROTEIN_46	0.99	0.33	356	530	HRP29 tail-like variant 1
RBPPD104	REC_005_KL1_PROTEIN_48	0.99	0.32	367	541	HRP29 tail-like variant 1
RBPPD104	REC_015_KL2_PROTEIN_46	0.99	0.32	367	541	HRP29 tail-like variant 1
RBPPD105	REC_007_KL13KL2_PROTEIN_46	1.0	0.71	1	426	HRP29 tail-like variant 1
RBPPD106	LIT_019_KL139_PROTEIN_27	1.0	0.29	1	82	pam3 fiber-like
RBPPD106	REC_010_KL2_PROTEIN_69	1.0	0.28	1	82	pam3 fiber-like
RBPPD107	REC_010_KL2_PROTEIN_69	1.0	0.72	83	297	pam3 fiber-like
RBPPD107	LIT_019_KL139_PROTEIN_27	0.84	0.64	83	285	pam3 fiber-like
